Title,revenue_category
Delhi-6 ,Low
Before I Disappear ,Low
"Good Year, A ",High
Brüno ,High
How to Lose a Guy in 10 Days ,High
Restless ,Low
Young & Beautiful ,Low
Iron Man 3 ,High
Invictus ,High
"SpongeBob SquarePants Movie, The ",High
Barbershop 2: Back in Business ,High
The Hornet's Nest ,Low
State of Play ,High
Barbershop ,High
Paper Clips ,Low
Rachel Getting Married ,High
No One Lives ,Low
Another Earth ,Low
I Hope They Serve Beer in Hell ,High
Bulletproof Monk ,High
Madagascar ,High
In the Name of the King: A Dungeon Siege Tale ,High
Goodbye First Love ,Low
"Amour fou, L' ",Low
How She Move ,High
Step Brothers ,High
Vincere ,Low
Pain & Gain ,High
"Son of No One, The ",Low
Flushed Away ,High
Frozen River ,High
Dredd ,High
Carol Channing: Larger Than Life ,High
"Young Victoria, The ",High
360,Low
"Jacket, The ",High
Kill the Messenger ,High
Julie & Julia ,High
Mostly Martha ,Low
Michael Clayton ,High
Evolution ,High
City of Ember ,High
Seducing Doctor Lewis ,Low
About Schmidt ,High
Dark Water ,High
Enduring Love ,Low
Yes ,Low
Violet Tendencies ,Low
Hugo ,High
"Last Mountain, The ",Low
Rise of the Guardians ,High
Moomins on the Riviera ,Low
"Artist, The ",High
Beauty and the Beast ,High
Love and Other Drugs ,High
"For a Good Time, Call... ",Low
"Hitchhiker's Guide to the Galaxy, The ",High
Stories We Tell ,Low
Walk Hard: The Dewey Cox Story ,High
Thirst ,Low
Shepard & Dark ,Low
"Sisterhood of the Traveling Pants 2, The ",Low
"Theory of Everything, The ",High
Wordplay ,High
"Thieves, The ",Low
Main Street ,Low
"Haunted Mansion, The ",High
Venus and Serena ,Low
Ai Weiwei: Never Sorry ,Low
Phil Ochs: There But for Fortune ,Low
Priceless ,Low
88 Minutes ,High
"Christmas Carol, A ",High
"Lord of the Rings: The Return of the King, The ",High
Three ,Low
It's Complicated ,High
Small Town Murder Songs ,Low
I Saw the Devil ,Low
Criminal ,Low
Legends of Oz: Dorothy's Return ,High
Skyfall ,High
Much Ado About Nothing ,High
Despicable Me ,High
Ain't in It for My Health: A Film About Levon Helm ,Low
Cesar Chavez ,Low
Million Dollar Baby ,High
Chak De India! ,Low
What Lies Beneath ,High
Syrup ,Low
It Might Get Loud ,Low
Adaptation ,High
Alien Abduction ,Low
Paranormal Activity 4 ,High
Big Eyes ,High
The Ghosts in Our Machine ,Low
Brotherhood  ,Low
The Gunman ,High
Star Trek Into Darkness ,High
No Country for Old Men ,Low
Knocked Up ,High
Touching the Void ,Low
"Edge of Heaven, The ",Low
One Night with the King ,High
Are We Done Yet? ,High
"Losers, The ",High
Notes on a Scandal ,High
Catch That Kid ,High
Catch Me If You Can ,High
Me and You and Everyone We Know ,High
Circumstance ,Low
Honeymoon ,High
Mistaken for Strangers ,Low
Semi-Pro ,High
"Sleeping Beauty, The ",High
JCVD ,Low
Festival in Cannes ,Low
Harry Potter and the Deathly Hallows: Part 2 ,High
Margin Call ,High
Facing Windows ,Low
Beyond The Hills ,Low
Sightseers ,Low
"Me, Myself & Irene ",High
5 Broken Cameras ,Low
Molière ,Low
Anita ,Low
Jackass Presents: Bad Grandpa ,High
Nutty Professor II: The Klumps ,High
Bobby ,High
"Man in the White Suit, The ",Low
Demonlover ,Low
Stealth ,Low
Pusher ,Low
Made of Honor ,High
Paradise: Faith ,Low
Romance & Cigarettes ,High
Warm Bodies ,High
"Woman, a Gun and a Noodle Shop, A ",Low
Into Great Silence ,Low
Jayne Mansfield's Car ,Low
Hum Tum ,Low
42,High
Knight and Day ,Low
Clifford's Really Big Movie ,High
Blood Diamond ,High
Prime ,High
Eklavya: The Royal Guard ,Low
"Other Woman, The ",Low
Land of the Lost ,High
"Big Blue, The ",High
Billabong Odyssey ,Low
End of the Spear ,High
Monster ,High
Once ,Low
"Big Wedding, The ",High
"Flying Scotsman, The ",Low
"One I Love, The ",Low
Incendies ,Low
Michael ,Low
"Edukators, The ",Low
Layer Cake ,Low
Garfield: A Tail of Two Kitties ,High
District 9 ,High
Wimbledon ,High
Waiting for Forever ,High
Paul ,High
Bill Cunningham New York ,Low
"Comebacks, The ",High
Cyrus ,Low
Pirates of the Caribbean: The Curse of the Black Pearl ,High
The Salt of the Earth ,Low
Happythankyoumoreplease ,High
Wrong ,Low
Cirque du Freak: The Vampire's Assistant ,High
Spider-Man ,High
House of Sand and Fog ,High
Beautiful Creatures ,High
Whale Rider ,High
Disconnect ,Low
More American Graffiti ,Low
Waitress ,Low
"Tuesday, After Christmas ",Low
Sister Act ,High
Monsieur Ibrahim ,Low
Beyond Borders ,High
"Illusionist, The ",High
Idlewild ,Low
"Other End of the Line, The ",Low
Winter in Wartime ,Low
Terminator 3: Rise of the Machines ,High
Kissing Jessica Stein ,High
Why We Fight ,Low
"Gift, The ",Low
Saw ,High
Munich ,High
Akeelah and the Bee ,High
Ivory Tower ,Low
I Served the King of England ,Low
Frost/Nixon ,High
Gridiron Gang ,High
Last Days ,Low
My Big Fat Greek Wedding ,High
Drona ,Low
"Hobbit: The Desolation of Smaug, The ",High
3000 Miles to Graceland ,High
March of the Penguins ,High
Atlas Shrugged: Part 1 ,High
V/H/S ,High
Outlander ,Low
Jiro Dreams of Sushi ,Low
"Punk Singer, The ",Low
"Aviator, The ",High
Drug War ,Low
"Big Year, The ",High
Sleuth ,Low
Trumbo ,Low
Doogal ,High
How to Live Forever ,Low
Nostalghia ,Low
Like Someone In Love ,Low
Meeting Evil ,Low
Moon ,High
Over Your Cities Grass Will Grow ,Low
Unaccompanied Minors ,Low
Almost Famous ,High
"Danse: The Paris Opera Ballet, La ",Low
"Samaritan, The ",Low
Megamind ,High
Collateral Damage ,High
Ong-Bak: The Thai Warrior ,High
This Christmas ,Low
"Waiting Room, The ",Low
Byzantium ,Low
About Elly ,Low
"Ugly, Dirty and Bad ",Low
Norwegian Wood ,Low
Stolen ,Low
Home ,Low
Thor: The Dark World ,High
Kambakkht Ishq ,High
"Decoy Bride, The ",High
That Evening Sun ,Low
Offside ,Low
"Love, Marilyn ",Low
Boat Trip ,High
"Magic of Belle Isle, The ",Low
Left Behind ,High
"Ledge, The ",Low
Poolhall Junkies ,High
"Family, The ",Low
Rosenstrasse ,Low
Sleepless Night ,Low
Joyful Noise ,High
Taking Lives ,High
Best Worst Movie ,Low
"Constant Gardener, The ",High
Kill the Irishman ,Low
Secret Window ,High
"Woodsman, The ",Low
Glitter ,High
My Wife is an Actress ,Low
Drag Me to Hell ,High
Liberal Arts ,Low
House of Flying Daggers ,High
Rio 2 ,High
Calvary ,Low
Beyond the Sea ,High
Lee Daniels' The Butler ,High
House of 1000 Corpses ,Low
Simone ,High
Love Don't Cost a Thing ,High
One Missed Call ,High
"Devil's Double, The ",Low
Legion ,High
Thor ,High
Looper ,Low
"Hangover, The ",High
Alex and Emma ,Low
Cabin Fever ,High
Amores Perros ,High
Metallica: Through the Never ,High
Kings & Queen ,Low
"Hours, The ",High
Expelled: No Intelligence Allowed ,High
Pirates of the Caribbean: At World's End ,High
Rize ,Low
Reality ,Low
Cheaper by the Dozen 2 ,High
"United States of Leland, The ",Low
Norbit ,High
Cowboys & Aliens ,High
"Forbidden Kingdom, The ",High
This Is the End ,High
"Act of Killing, The ",Low
TMNT ,High
Dealin' with Idiots ,Low
"Expendables 3, The ",High
Paranormal Activity ,High
Masti ,Low
When in Rome ,High
Funny Games U.S. ,Low
Just Friends ,High
"Interrupters, The ",Low
Just Wright ,High
Mickey ,Low
Remember Me ,High
Return to Never Land ,High
"Game Plan, The ",High
Delgo ,Low
C.O.G. ,Low
Atonement ,High
Mesrine: Killer Instinct ,Low
Superman Returns ,High
Main Prem Ki Diwani Hoon ,Low
"Hitcher, The ",High
Nine Lives ,Low
"Perfect Score, The ",High
SuperBabies: Baby Geniuses 2 ,High
Torque ,High
Herman's House ,Low
Minority Report ,High
"Midnight Meat Train, The ",High
Protector ,Low
O ,High
Young Goethe in Love ,Low
Grand Illusion ,Low
Harrison's Flowers ,Low
R100 ,Low
Humpday ,Low
"Bird of the Air, A ",Low
Aeon Flux ,High
Like Dandelion Dust ,Low
Post Mortem ,Low
Tron: Legacy ,High
"Switch, The ",Low
MirrorMask ,Low
Water ,High
Spinning Plates ,Low
Secretariat ,High
I'll Sleep When I'm Dead ,Low
"Pretty One, The ",Low
Uncle Boonmee Who Can Recall His Past Lives ,Low
Jackass: The Movie ,High
"Promotion, The ",Low
X-Men ,High
Death Sentence ,High
In Secret ,Low
Sex Drive ,High
"Farewell, My Queen ",Low
Daylight ,Low
"Curse of the Jade Scorpion, The ",Low
"Little Traitor, The ",Low
Ice Age 4: Continental Drift ,High
Snowtown ,Low
"Bobby Jones, Stroke of Genius ",High
"Ultimate Gift, The ",High
Suite Française ,Low
Twice Born ,Low
Two Lovers ,High
"Man, The ",High
Alex Cross ,High
Fugitive Pieces ,Low
We Bought a Zoo ,High
Defiance ,High
New York Stories ,High
Tyler Perry's The Family That Preys ,Low
Walk of Shame ,Low
Nothing to Declare ,Low
Rebirth ,Low
Nowhere Boy ,Low
Crazy Love ,High
Love Me If You Dare ,High
Wah-Wah ,Low
Jack and Diane ,Low
Pandora's Box ,High
"Rover, The ",Low
"Secret of Kells, The ",Low
Appaloosa ,High
Caramel ,Low
Mission: Impossible III ,High
Centurion ,High
Another Gay Movie ,Low
Tim's Vermeer ,Low
Garden State ,High
Joshua ,Low
"Closet, The ",High
"Great Gatsby, The ",High
Rock of Ages ,High
"Ruins, The ",High
Che: Part One ,Low
"Prince & Me, The ",High
Justin Bieber: Never Say Never ,High
West Is West ,Low
21 Jump Street ,High
"Sessions, The ",High
Rubber ,Low
Extreme Days ,High
"Pink Panther 2, The ",High
Bartleby ,High
Hellbound? ,Low
Digimon: The Movie ,High
Turn It Up ,High
"Divorce, Le ",High
"Tailor of Panama, The ",High
"Sorcerer's Apprentice, The ",High
Amira & Sam ,Low
My Blueberry Nights ,Low
Vampire Academy ,High
Emergo ,Low
"Walker, The ",Low
Johnson Family Vacation ,High
"Way Back, The ",High
Chocolat ,Low
I Am Ali ,Low
Detention of the Dead ,Low
Kinky Boots ,High
"Lord of the Rings: The Two Towers, The ",High
"Family Stone, The ",High
Tyler Perry's Madea's Big Happy Family ,High
Roman de gare ,Low
Simon & the Oaks ,Low
Nymphomaniac: Volume II ,Low
Twelve ,Low
Anonymous ,High
Happy New Year ,Low
"Trotsky, The ",Low
Ip Man: The Final Fight ,Low
"Last Castle, The ",High
"Glimpse Inside the Mind of Charles Swan III, A ",Low
Survival of the Dead ,Low
Winter's Bone ,High
"Sapphires, The ",Low
Inside Llewyn Davis ,High
Beasts of the Southern Wild ,High
Before Midnight ,Low
Intruders ,Low
Standing in the Shadows of Motown ,High
My Brother the Devil ,Low
Conan O'Brien Can't Stop ,Low
In a Better World ,Low
Am Ende eiens viel zu kurzen Tages ,Low
"Muppets, The ",High
Man on a Mission: Richard Garriott's Road to the Stars ,Low
"Perfect Family, The ",Low
"Jungle Book 2, The ",High
Oz the Great and Powerful ,High
Back to the Future ,High
Repo Men ,High
Lonely Hearts ,Low
Revenge of the Electric Car ,Low
Narco Cultura ,Low
"Day After Tomorrow, The ",High
Piranha ,High
Wanderlust ,Low
Madison ,High
"Man with the Iron Fists, The ",Low
Shark Night 3D ,High
Melancholia ,Low
"Fighting Temptations, The ",High
Lila Says ,Low
"Gospel, The ",High
Olympus Has Fallen ,High
Willy Wonka & the Chocolate Factory ,Low
Country Strong ,High
Down with Love ,High
Love Actually ,High
Broken Embraces ,High
Live Free or Die Hard ,High
Ill Manors ,Low
"Lion King, The ",High
Good Neighbours ,Low
"Last Ride, The ",Low
"Other Woman, The ",Low
Zoom ,High
"Smurfs, The ",High
For a Woman ,Low
Legend of the Fist: The Return of Chen Zhen ,Low
Black Death ,Low
"Late Quartet, A ",Low
Bug ,High
"Case for Christ, The ",Low
Beverly Hills Chihuahua ,High
Rango ,High
Tanner Hall ,Low
Thank You for Smoking ,High
Angels Crest ,High
"Wildest Dream, The ",Low
Twilight ,High
8 Million Ways to Die ,Low
Eden ,Low
Mother ,Low
What Maisie Knew ,High
Mystic River ,High
"Welcome Home, Roscoe Jenkins ",High
Mirrors ,High
Grind ,High
Escape Plan ,High
She's the Man ,High
"Pink Panther, The ",High
Wanted ,High
Wanted ,Low
"Tale of Despereaux, The ",High
I Smile Back ,High
"Brave One, The ",High
Scary Movie 4 ,High
"Secret, A ",Low
Joker ,Low
Ice Age ,High
"Duchess, The ",High
Tangerines ,Low
Josie and the Pussycats ,High
Sing Your Song ,Low
35 and Ticking ,Low
Lovelace ,High
Amreeka ,Low
Basic ,Low
Tyler Perry's The Single Moms Club ,High
For Your Consideration ,High
Death at a Funeral ,High
"Master of Disguise, The ",High
Hot Fuzz ,High
"Lot Like Love, A ",High
Camp ,Low
De Dana Dan ,Low
Miss Potter ,Low
Chain Letter ,Low
Bewitched ,High
Brother ,Low
Elevator to the Gallows ,Low
Charlie Bartlett ,Low
Heartless ,Low
Terribly Happy ,Low
K-19: The Widowmaker ,High
Wild Grass ,Low
Udaan ,Low
Far from Heaven ,High
Rumor Has It... ,High
"Time Machine, The ",High
Sex Tape ,High
Battleship Potemkin ,Low
Cake ,High
"Greatest Movie Ever Sold, The ",Low
Walking on Sunshine ,Low
Intouchables ,Low
"Debt, The ",Low
Diary of a Wimpy Kid ,High
Adoration ,Low
"Mother, The ",High
"Imposter, The ",Low
"Odd Life of Timothy Green, The ",High
"Greatest Game Ever Played, The ",High
"I Love You, Man ",High
"Passenger, The ",Low
Girlfight ,Low
"Cat in Paris, A ",Low
Bloody Sunday ,Low
"Orphanage, The ",High
"Promise, The ",Low
Every Day ,Low
Mean Girls ,High
Into the Abyss ,Low
The Pirates ,Low
Journey 2: The Mysterious Island ,High
Freedomland ,High
For No Good Reason ,Low
Breach ,High
Turistas ,Low
V/H/S/2 ,Low
Ghost Rider ,High
Broken Flowers ,High
Failure to Launch ,High
"Woman in Black, The ",High
Raze ,High
American Promise ,Low
The Bronze ,Low
Little Accidents ,Low
Year of the Dog ,High
The Count of Monte Cristo ,High
Fast & Furious 6 ,High
Surf's Up ,High
Ultraviolet ,High
Desi Boyz ,Low
Changing Times ,Low
Narc ,High
"Prize Winner of Defiance Ohio, The ",Low
"Dark Knight Rises, The ",High
Big Game ,Low
What Just Happened ,High
"Cooler, The ",High
Fast Food Nation ,Low
Pompeii ,High
Whiteout ,High
Daredevil ,High
Bonsái ,Low
Brooklyn Rules ,Low
Read My Lips ,Low
Around the Bend ,Low
"Black Power Mixtape 1967-1975, The ",Low
"Matrix Revolutions, The ",High
Who Killed the Electric Car? ,High
"Stoning of Soraya M., The ",High
